Nome,Email,CPF,Tipo Sanguíneo
Juliana Alves,juliana.alves@hotmail.com,932.172.850-20,A+
Maria Lima,maria.lima@outlook.com,616.981.570-27,B+
Ana Pereira,ana.pereira@hotmail.com,792.205.598-10,A+
Fernando Souza,fernando.souza@gmail.com,718.550.339-49,A+
Carla Souza,carla.souza@yahoo.com,527.317.827-23,AB+
Bruno Ferreira,bruno.ferreira@outlook.com,192.733.751-40,B-
Lucas Rodrigues,lucas.rodrigues@yahoo.com,765.491.494-12,B+
Beatriz Silva,beatriz.silva@yahoo.com,571.924.910-78,B-
Pedro Costa,pedro.costa@gmail.com,748.701.892-19,A+
Juliana Silva,juliana.silva@gmail.com,991.819.427-12,O-
Maria Martins,maria.martins@outlook.com,637.210.977-79,B+
Maria Oliveira,maria.oliveira@hotmail.com,950.557.133-29,AB+
Carla Martins,carla.martins@yahoo.com,360.540.114-68,AB-
8860,juliana.costa@yahoo.com,661.677.514-92,AB+
Carla Oliveira,carla.oliveira@gmail.com,587.403.687-92,AB+
Lucas Silva,lucas.silva@gmail.com,960.558.823-68,B+
Maria Martins,maria.martins@yahoo.com,816.998.267-46,A+
Bruno Martins,bruno.martins@yahoo.com,635.492.107-44,O-
Ana Costa,ana.costa@gmail.com,711.932.732-86,AB-
Carla Lima,carla.lima@outlook.com,593.499.433-47,A-
João Oliveira,joão.oliveira@hotmail.com,105.911.433-83,O-
Fernando Rodrigues,fernando.rodrigues@hotmail.com,827.872.578-23,O+
Ana Oliveira,ana.oliveira@outlook.com,623.750.732-11,B-
Lucas Rodrigues,lucas.rodrigues@gmail.com,516.466.698-66,A+
Lucas Ferreira,lucas.ferreira@gmail.com,655.729.155-11,A-
Ana Oliveira,ana.oliveira@hotmail.com,687.871.887-30,O-
Bruno Oliveira,bruno.oliveira@hotmail.com,811.349.869-85,A-
7615,juliana.martins@outlook.com,456.222.419-71,O+
Carla Lima,8082,186.142.688-50,A+
Maria Silva,maria.silva@yahoo.com,746.262.707-19,A+
Juliana Silva,juliana.silva@gmail.com,643.206.876-11,A+
João Alves,joão.alves@hotmail.com,347.277.387-40,AB+
João Alves,joão.alves@hotmail.com,814.377.290-74,O-
Maria Rodrigues,maria.rodrigues@hotmail.com,593.360.101-80,O-
Beatriz Souza,beatriz.souza@yahoo.com,120.517.102-62,AB-
Beatriz Pereira,beatriz.pereira@gmail.com,428.838.621-36,O+
Pedro Souza,pedro.souza@gmail.com,704.470.268-60,O+
Carla Oliveira,carla.oliveira@gmail.com,635.162.987-94,AB-
Beatriz Ferreira,beatriz.ferreira@hotmail.com,438.254.678-59,O+
Lucas Costa,lucas.costa@hotmail.com,139.255.636-18,AB-
,,,B+
Carla Alves,carla.alves@hotmail.com,363.682.268-48,A+
Carla Oliveira,carla.oliveira@gmail.com,621.721.469-46,B-
Bruno Ferreira,bruno.ferreira@yahoo.com,367.407.426-67,O-
Fernando Martins,fernando.martins@gmail.com,106.805.881-98,AB+
João Alves,joão.alves@hotmail.com,901.961.584-16,B-
Bruno Ferreira,bruno.ferreira@gmail.com,939.106.116-87,A-
Fernando Pereira,fernando.pereira@gmail.com,747.454.404-64,A+
Carla Oliveira,carla.oliveira@gmail.com,295.920.859-63,O+
,,,A+
Lucas Lima,lucas.lima@gmail.com,107.800.912-64,B-
Ana Lima,ana.lima@outlook.com,185.950.215-35,B-
Lucas Rodrigues,lucas.rodrigues@yahoo.com,605.614.282-71,B+
Fernando Costa,fernando.costa@gmail.com,563.351.737-73,A+
Fernando Alves,fernando.alves@gmail.com,498.742.421-24,O-
Carla Oliveira,carla.oliveira@gmail.com,824.607.216-49,B+
Pedro Rodrigues,pedro.rodrigues@hotmail.com,457.912.670-41,AB-
Maria Costa,maria.costa@hotmail.com,152.906.601-47,AB-
Carla Pereira,carla.pereira@yahoo.com,891.266.366-61,AB-
Fernando Silva,fernando.silva@yahoo.com,617.972.695-97,B+
Beatriz Costa,beatriz.costa@gmail.com,168.372.625-30,O-
Ana Martins,ana.martins@yahoo.com,136.988.211-91,B-
Ana Ferreira,ana.ferreira@gmail.com,143.312.485-11,AB+
Bruno Costa,bruno.costa@yahoo.com,258.409.449-14,O+
Lucas Souza,lucas.souza@outlook.com,589.410.954-17,O-
João Rodrigues,joão.rodrigues@yahoo.com,972.135.338-61,O-
João Rodrigues,joão.rodrigues@outlook.com,488.178.457-17,AB-
Beatriz Pereira,beatriz.pereira@outlook.com,839.328.850-54,B+
Juliana Costa,juliana.costa@yahoo.com,501.873.731-33,A+
Pedro Alves,pedro.alves@gmail.com,578.626.955-32,A+
Maria Ferreira,maria.ferreira@gmail.com,769.233.912-23,O-
Ana Lima,ana.lima@gmail.com,169.281.572-13,A-
Maria Pereira,maria.pereira@gmail.com,454.777.777-38,O-
Beatriz Ferreira,beatriz.ferreira@outlook.com,852.559.756-14,A-
Ana Souza,ana.souza@outlook.com,688.722.261-73,A+
Ana Lima,ana.lima@yahoo.com,227.417.895-96,O+
Juliana Lima,juliana.lima@hotmail.com,993.288.745-49,A+
Fernando Pereira,fernando.pereira@gmail.com,396.356.374-73,B-
Carla Souza,carla.souza@yahoo.com,455.431.362-62,A+
João Ferreira,joão.ferreira@yahoo.com,677.886.729-93,A-
Pedro Souza,pedro.souza@yahoo.com,452.310.163-18,AB+
Pedro Costa,pedro.costa@gmail.com,979.141.841-93,A+
Carla Pereira,carla.pereira@yahoo.com,737.712.863-19,B+
Pedro Silva,pedro.silva@outlook.com,530.868.853-71,O+
Bruno Alves,bruno.alves@yahoo.com,299.201.511-74,A-
Bruno Alves,bruno.alves@yahoo.com,897.463.594-39,A+
Maria Pereira,maria.pereira@gmail.com,378.770.903-25,O+
Beatriz Martins,beatriz.martins@outlook.com,966.675.684-67,AB+
Carla Souza,carla.souza@yahoo.com,146.886.856-34,O-
Maria Alves,maria.alves@hotmail.com,991.688.236-57,B-
Lucas Rodrigues,lucas.rodrigues@hotmail.com,666.293.400-99,A-
Juliana Costa,juliana.costa@yahoo.com,705.736.285-59,AB+
Pedro Martins,pedro.martins@outlook.com,264.779.191-14,O-
Bruno Lima,bruno.lima@hotmail.com,770.238.639-29,AB+
Maria Oliveira,maria.oliveira@outlook.com,635.568.839-77,B+
Fernando Oliveira,fernando.oliveira@gmail.com,363.340.892-35,AB+
Pedro Souza,pedro.souza@outlook.com,644.350.784-89,AB+
Beatriz Oliveira,beatriz.oliveira@gmail.com,984.111.558-82,AB-
2584,carla.costa@outlook.com,861.400.165-12,8874
Beatriz Souza,beatriz.souza@gmail.com,839.423.410-55,AB-
Ana Ferreira,ana.ferreira@hotmail.com,263.834.107-81,A+
Lucas Souza,lucas.souza@yahoo.com,557.117.190-78,B+
Juliana Silva,juliana.silva@outlook.com,750.114.122-86,AB-
Maria Oliveira,maria.oliveira@yahoo.com,826.722.475-91,B-
Pedro Martins,pedro.martins@yahoo.com,396.505.937-57,A+
8415,carla.alves@hotmail.com,378.979.999-26,7176
Bruno Martins,bruno.martins@hotmail.com,261.971.892-70,A-
João Souza,joão.souza@gmail.com,145.593.291-53,A-
Bruno Lima,bruno.lima@outlook.com,274.442.161-19,O-
Carla Rodrigues,carla.rodrigues@outlook.com,879.215.125-71,AB+
João Ferreira,joão.ferreira@gmail.com,506.349.238-91,O-
Pedro Pereira,pedro.pereira@hotmail.com,532.129.923-23,B-
Juliana Costa,juliana.costa@hotmail.com,449.139.942-79,B+
Pedro Rodrigues,pedro.rodrigues@hotmail.com,944.778.278-38,O+
Ana Silva,ana.silva@outlook.com,859.680.373-33,A+
Juliana Souza,juliana.souza@gmail.com,722.371.460-15,B+
Carla Martins,carla.martins@hotmail.com,333.461.345-90,A+
Beatriz Silva,beatriz.silva@yahoo.com,720.455.397-28,AB-
Lucas Lima,lucas.lima@yahoo.com,981.267.543-23,O-
Carla Oliveira,carla.oliveira@hotmail.com,490.261.536-39,B-
Juliana Oliveira,juliana.oliveira@gmail.com,525.117.822-86,A+
Fernando Souza,fernando.souza@yahoo.com,962.806.363-94,AB+
Lucas Lima,lucas.lima@hotmail.com,745.813.987-82,B+
Maria Martins,maria.martins@yahoo.com,767.471.175-41,O-
Carla Ferreira,carla.ferreira@hotmail.com,474.231.433-51,B+
João Lima,joão.lima@hotmail.com,833.123.950-83,O-
Beatriz Oliveira,beatriz.oliveira@hotmail.com,340.839.286-10,B-
Bruno Souza,bruno.souza@outlook.com,697.939.433-22,AB-
João Martins,joão.martins@outlook.com,880.773.159-69,AB-
Pedro Costa,pedro.costa@yahoo.com,625.592.811-27,A+
Ana Ferreira,ana.ferreira@outlook.com,522.342.491-36,O-
João Pereira,joão.pereira@yahoo.com,690.579.770-94,O+
,,,AB-
Juliana Silva,juliana.silva@gmail.com,,
Beatriz Rodrigues,beatriz.rodrigues@gmail.com,551.427.597-59,A-
Carla Souza,carla.souza@outlook.com,288.251.301-95,AB-
Juliana Lima,juliana.lima@gmail.com,195.124.495-50,A+
Fernando Pereira,fernando.pereira@outlook.com,809.471.649-64,A+
Pedro Souza,pedro.souza@hotmail.com,581.356.224-73,O-
Juliana Lima,juliana.lima@gmail.com,206.356.414-25,AB+
Fernando Lima,fernando.lima@hotmail.com,734.542.513-69,B+
Ana Costa,ana.costa@outlook.com,538.106.187-39,A-
Beatriz Costa,beatriz.costa@hotmail.com,519.916.620-97,B-
Bruno Souza,bruno.souza@outlook.com,567.166.996-88,O-
João Pereira,joão.pereira@gmail.com,263.373.103-61,B+
Ana Oliveira,ana.oliveira@yahoo.com,958.212.244-52,O+
Juliana Silva,juliana.silva@yahoo.com,132.985.292-80,B+
Pedro Martins,pedro.martins@gmail.com,592.609.610-91,AB-
João Pereira,joão.pereira@outlook.com,730.126.922-79,B+
Carla Oliveira,carla.oliveira@hotmail.com,413.684.360-63,O+
Fernando Rodrigues,fernando.rodrigues@gmail.com,366.344.345-69,B+
Ana Ferreira,ana.ferreira@outlook.com,250.378.713-50,O+
Juliana Souza,juliana.souza@hotmail.com,494.120.248-86,B-
Pedro Pereira,pedro.pereira@yahoo.com,117.112.766-39,O-
Pedro Silva,pedro.silva@hotmail.com,550.803.291-55,A-
Juliana Ferreira,juliana.ferreira@outlook.com,841.969.199-82,O-
Bruno Silva,bruno.silva@hotmail.com,664.475.765-26,AB+
7658,juliana.rodrigues@gmail.com,853.558.755-40,AB-
Maria Martins,maria.martins@hotmail.com,154.316.409-22,B-
Bruno Alves,bruno.alves@yahoo.com,717.650.833-84,O-
João Souza,joão.souza@yahoo.com,385.264.594-76,B-
Juliana Oliveira,juliana.oliveira@gmail.com,997.932.446-90,O+
Maria Lima,maria.lima@hotmail.com,838.937.782-56,AB-
Juliana Costa,juliana.costa@outlook.com,195.670.444-57,O-
Maria Alves,maria.alves@hotmail.com,290.914.840-99,A+
Lucas Lima,lucas.lima@gmail.com,518.956.637-96,B-
Ana Pereira,ana.pereira@yahoo.com,901.304.168-97,B+
Beatriz Costa,beatriz.costa@hotmail.com,729.527.842-52,A-
Beatriz Ferreira,beatriz.ferreira@yahoo.com,405.880.598-81,O+
Pedro Costa,pedro.costa@gmail.com,511.241.838-29,AB-
Carla Rodrigues,carla.rodrigues@gmail.com,552.434.696-93,B-
Fernando Lima,fernando.lima@outlook.com,846.190.431-98,AB+
Juliana Souza,juliana.souza@gmail.com,158.590.957-83,AB-
Maria Souza,maria.souza@outlook.com,311.383.751-33,A+
Beatriz Lima,beatriz.lima@hotmail.com,988.706.489-35,A+
Ana Oliveira,ana.oliveira@gmail.com,134.535.910-97,AB-
Carla Costa,carla.costa@gmail.com,440.661.520-70,A+
Fernando Souza,fernando.souza@gmail.com,,A+
Beatriz Costa,beatriz.costa@hotmail.com,734.590.175-37,A-
Juliana Martins,juliana.martins@gmail.com,303.190.232-70,B-
Beatriz Silva,beatriz.silva@yahoo.com,993.132.541-75,A+
Bruno Oliveira,bruno.oliveira@yahoo.com,228.367.102-85,O+
Ana Pereira,ana.pereira@outlook.com,959.351.622-82,A-
Fernando Silva,fernando.silva@outlook.com,642.151.410-27,O+
Ana Silva,ana.silva@yahoo.com,149.657.476-19,O-
Beatriz Lima,beatriz.lima@gmail.com,269.429.524-26,
Juliana Rodrigues,juliana.rodrigues@yahoo.com,619.989.933-24,3574
Lucas Pereira,lucas.pereira@hotmail.com,913.263.940-95,O-
Pedro Souza,pedro.souza@outlook.com,708.745.796-64,O-
Ana Costa,ana.costa@hotmail.com,521.463.738-85,O+
Bruno Costa,bruno.costa@yahoo.com,129.591.912-36,B-
Maria Ferreira,maria.ferreira@outlook.com,163.551.971-71,AB-
Pedro Lima,pedro.lima@yahoo.com,160.878.711-60,AB+
Juliana Martins,juliana.martins@hotmail.com,181.507.538-19,A-
Juliana Costa,juliana.costa@gmail.com,542.719.998-60,AB+
Maria Rodrigues,maria.rodrigues@outlook.com,568.345.614-32,AB-
Juliana Costa,juliana.costa@gmail.com,169.903.967-60,B+
Pedro Ferreira,pedro.ferreira@outlook.com,233.682.872-21,A-
Beatriz Souza,beatriz.souza@hotmail.com,183.634.994-39,B-
João Oliveira,joão.oliveira@yahoo.com,885.390.788-59,AB+
Fernando Pereira,fernando.pereira@gmail.com,803.962.198-84,A-
Beatriz Lima,beatriz.lima@gmail.com,725.612.894-56,B-
Bruno Costa,bruno.costa@yahoo.com,342.517.206-67,O-
Pedro Alves,pedro.alves@gmail.com,191.469.381-50,A+
Lucas Silva,lucas.silva@hotmail.com,620.378.800-71,B+
Lucas Silva,lucas.silva@outlook.com,254.230.189-40,A+
Carla Lima,carla.lima@hotmail.com,559.197.499-17,O-
Lucas Costa,lucas.costa@yahoo.com,517.319.563-63,AB-
Lucas Souza,lucas.souza@yahoo.com,748.162.366-38,AB+
Pedro Lima,pedro.lima@gmail.com,227.950.473-44,B+
Lucas Oliveira,lucas.oliveira@hotmail.com,484.713.341-15,O-
Juliana Alves,juliana.alves@hotmail.com,130.776.383-72,B+
3726,lucas.ferreira@yahoo.com,399.396.795-72,9230
Lucas Ferreira,lucas.ferreira@yahoo.com,470.300.443-98,AB+
João Martins,joão.martins@outlook.com,464.785.363-40,B-
,fernando.lima@yahoo.com,,A+
Ana Oliveira,8754,520.765.543-13,5552
Ana Rodrigues,ana.rodrigues@outlook.com,304.422.150-25,AB+
Pedro Lima,pedro.lima@yahoo.com,725.831.563-40,O+
Maria Oliveira,maria.oliveira@gmail.com,473.959.947-43,O+
Bruno Lima,bruno.lima@yahoo.com,433.964.943-60,A+
Carla Pereira,carla.pereira@gmail.com,674.344.591-75,O+
Beatriz Rodrigues,beatriz.rodrigues@hotmail.com,964.749.145-19,AB+
Beatriz Alves,beatriz.alves@gmail.com,199.515.186-20,A+
Beatriz Silva,beatriz.silva@yahoo.com,940.643.206-87,B+
,,,O+
Ana Costa,ana.costa@outlook.com,799.317.456-44,A-
João Lima,joão.lima@outlook.com,557.809.669-90,B-
Juliana Oliveira,juliana.oliveira@yahoo.com,103.767.768-91,B-
Juliana Oliveira,juliana.oliveira@yahoo.com,287.715.474-42,AB+
Fernando Souza,fernando.souza@gmail.com,411.914.661-97,B-
Pedro Lima,pedro.lima@gmail.com,458.802.591-26,AB-
Juliana Martins,1717,653.391.444-24,O-
Bruno Martins,,654.579.146-28,A-
Lucas Oliveira,lucas.oliveira@outlook.com,405.132.575-42,A-
Bruno Silva,bruno.silva@gmail.com,712.477.418-46,B-
João Silva,joão.silva@yahoo.com,986.663.281-80,B-
João Lima,joão.lima@yahoo.com,181.202.285-49,A+
Fernando Pereira,fernando.pereira@outlook.com,968.409.705-18,O+
Beatriz Pereira,beatriz.pereira@outlook.com,927.114.976-32,O+
João Costa,joão.costa@gmail.com,237.165.848-53,O-
Bruno Oliveira,bruno.oliveira@hotmail.com,135.611.721-56,A+
Maria Martins,maria.martins@yahoo.com,243.370.516-34,AB+
Maria Costa,maria.costa@gmail.com,927.755.684-33,O-
Ana Ferreira,ana.ferreira@outlook.com,431.290.995-15,A-
Fernando Ferreira,fernando.ferreira@hotmail.com,875.518.392-88,O+
Ana Alves,ana.alves@yahoo.com,248.851.732-71,AB-
Beatriz Alves,beatriz.alves@gmail.com,833.250.147-58,B+
Beatriz Silva,beatriz.silva@yahoo.com,270.907.556-94,AB-
Beatriz Pereira,beatriz.pereira@hotmail.com,612.719.765-53,O+
Fernando Silva,fernando.silva@gmail.com,873.514.723-45,O+
Pedro Martins,pedro.martins@hotmail.com,953.546.657-83,B+
Carla Oliveira,carla.oliveira@outlook.com,946.990.189-24,O+
Bruno Oliveira,bruno.oliveira@hotmail.com,983.226.873-40,A+
Fernando Ferreira,fernando.ferreira@yahoo.com,859.764.614-17,B-
,beatriz.lima@gmail.com,,
Pedro Ferreira,pedro.ferreira@gmail.com,290.563.234-14,AB-
Fernando Pereira,fernando.pereira@hotmail.com,747.370.204-87,AB+
,joão.rodrigues@hotmail.com,,
Juliana Souza,juliana.souza@hotmail.com,701.374.444-64,A+
Beatriz Silva,beatriz.silva@outlook.com,190.381.699-28,AB-
,,441.138.326-30,A+
Maria Souza,maria.souza@yahoo.com,171.147.767-35,A+
Bruno Silva,bruno.silva@yahoo.com,643.835.443-34,AB-
Fernando Costa,,,
Bruno Souza,bruno.souza@gmail.com,137.658.574-33,O+
Bruno Martins,bruno.martins@hotmail.com,105.289.100-26,B-
Pedro Oliveira,pedro.oliveira@yahoo.com,551.608.395-55,AB-
Pedro Ferreira,,599.641.697-25,O-
Ana Silva,1736,299.892.934-71,5168
Beatriz Costa,beatriz.costa@hotmail.com,837.643.947-56,AB+
Carla Alves,carla.alves@yahoo.com,529.549.105-49,B-
1119,juliana.oliveira@outlook.com,899.795.918-17,A+
Bruno Souza,bruno.souza@hotmail.com,408.560.428-94,AB-
Ana Ferreira,ana.ferreira@outlook.com,918.847.629-46,B-
Fernando Silva,fernando.silva@gmail.com,416.388.245-43,A-
Maria Souza,maria.souza@gmail.com,439.895.634-92,AB+
,bruno.silva@outlook.com,,
João Rodrigues,joão.rodrigues@yahoo.com,951.215.813-49,O+
3750,beatriz.oliveira@hotmail.com,664.107.463-28,B-
Pedro Silva,pedro.silva@yahoo.com,490.135.272-66,B-
Bruno Ferreira,bruno.ferreira@yahoo.com,102.706.658-14,O+
João Ferreira,joão.ferreira@hotmail.com,152.560.579-62,O-
João Ferreira,joão.ferreira@hotmail.com,,B+
Pedro Rodrigues,,,O-
Pedro Costa,pedro.costa@gmail.com,674.400.618-41,A+
8662,8166,846.296.557-90,AB+
Ana Alves,ana.alves@hotmail.com,260.810.429-21,A+
Bruno Souza,bruno.souza@yahoo.com,269.258.890-97,B+
,,831.979.820-42,O-
Beatriz Rodrigues,beatriz.rodrigues@hotmail.com,643.173.476-39,B-
Maria Alves,maria.alves@hotmail.com,760.656.672-11,A-
Fernando Rodrigues,fernando.rodrigues@outlook.com,507.498.699-52,O+
João Martins,joão.martins@hotmail.com,627.455.909-83,B-
Ana Pereira,ana.pereira@outlook.com,528.309.901-10,A+
Pedro Ferreira,pedro.ferreira@gmail.com,337.240.378-47,A-
Pedro Ferreira,pedro.ferreira@hotmail.com,505.987.760-60,B-
Pedro Rodrigues,pedro.rodrigues@yahoo.com,661.579.618-32,O-
Pedro Souza,pedro.souza@hotmail.com,729.288.821-69,AB-
João Silva,joão.silva@outlook.com,311.640.897-71,AB+
João Souza,joão.souza@yahoo.com,986.367.126-78,AB+
Maria Alves,maria.alves@hotmail.com,160.591.349-52,AB+
Juliana Ferreira,,643.451.915-68,AB+
Lucas Lima,lucas.lima@yahoo.com,997.503.574-39,B-
Ana Lima,ana.lima@outlook.com,844.475.309-80,B+
Beatriz Oliveira,beatriz.oliveira@outlook.com,770.547.959-34,B+
Pedro Alves,pedro.alves@outlook.com,204.890.170-67,B+
,beatriz.lima@yahoo.com,501.453.920-87,A-
Pedro Rodrigues,pedro.rodrigues@gmail.com,699.387.339-33,A-
Juliana Martins,juliana.martins@gmail.com,133.531.405-60,
Beatriz Silva,beatriz.silva@gmail.com,166.102.370-65,B+
8573,juliana.pereira@yahoo.com,301.438.440-88,5712
Ana Oliveira,ana.oliveira@yahoo.com,610.542.963-36,AB+
Beatriz Ferreira,beatriz.ferreira@yahoo.com,574.672.730-88,B-
Bruno Silva,bruno.silva@hotmail.com,706.407.663-30,O-
Pedro Souza,pedro.souza@gmail.com,756.143.255-92,B+
Lucas Pereira,lucas.pereira@hotmail.com,375.204.726-74,O-
Fernando Ferreira,fernando.ferreira@gmail.com,539.816.762-21,B-
João Martins,joão.martins@outlook.com,256.649.524-59,A+
4014,,249.324.387-80,4402
João Souza,joão.souza@outlook.com,722.109.222-72,B+
Beatriz Silva,beatriz.silva@hotmail.com,326.674.956-86,AB-
Lucas Martins,lucas.martins@outlook.com,506.460.991-60,
Lucas Silva,lucas.silva@outlook.com,109.666.252-99,A+
Beatriz Souza,beatriz.souza@outlook.com,239.133.915-82,O+
Maria Lima,maria.lima@yahoo.com,910.520.586-23,O+
João Rodrigues,joão.rodrigues@gmail.com,510.102.208-18,AB-
João Rodrigues,joão.rodrigues@yahoo.com,922.249.145-44,O+
Beatriz Rodrigues,beatriz.rodrigues@gmail.com,942.784.389-74,O+
Maria Costa,maria.costa@gmail.com,538.849.704-23,O+
Pedro Alves,pedro.alves@yahoo.com,636.817.296-11,A+
Pedro Oliveira,pedro.oliveira@outlook.com,811.106.755-27,O+
Maria Lima,maria.lima@hotmail.com,,
Maria Costa,maria.costa@gmail.com,642.326.170-61,A+
Lucas Rodrigues,lucas.rodrigues@gmail.com,267.505.553-78,O-
,joão.lima@yahoo.com,455.868.989-95,AB-
1975,ana.martins@outlook.com,872.873.114-27,2414
João Ferreira,,762.388.443-88,B-
Bruno Ferreira,bruno.ferreira@outlook.com,161.502.994-57,A+
Beatriz Lima,beatriz.lima@hotmail.com,838.776.424-25,AB+
Carla Costa,carla.costa@yahoo.com,122.619.531-51,AB-
Pedro Costa,pedro.costa@hotmail.com,882.903.696-67,A+
Maria Costa,maria.costa@hotmail.com,433.535.898-72,A-
Carla Lima,carla.lima@outlook.com,569.910.524-19,AB-
Beatriz Souza,beatriz.souza@hotmail.com,848.128.240-39,O+
João Martins,joão.martins@hotmail.com,900.807.371-98,A+
Bruno Martins,bruno.martins@hotmail.com,680.583.810-17,O+
Pedro Martins,pedro.martins@hotmail.com,496.298.731-61,B-
Juliana Martins,juliana.martins@yahoo.com,320.856.914-54,O-
Pedro Lima,pedro.lima@hotmail.com,535.106.387-75,O-
Bruno Ferreira,bruno.ferreira@hotmail.com,388.394.841-93,B-
1949,ana.alves@gmail.com,972.521.441-53,7814
Carla Ferreira,carla.ferreira@yahoo.com,532.762.368-70,B-
Juliana Costa,juliana.costa@hotmail.com,648.657.400-43,AB-
Carla Pereira,carla.pereira@hotmail.com,376.650.665-36,B-
Pedro Oliveira,pedro.oliveira@hotmail.com,238.977.519-42,O+
Ana Martins,ana.martins@gmail.com,966.350.669-35,AB-
Fernando Alves,fernando.alves@yahoo.com,742.824.478-88,B+
João Silva,joão.silva@hotmail.com,797.848.350-40,B-
Maria Costa,maria.costa@outlook.com,591.627.296-96,O-
Fernando Ferreira,fernando.ferreira@hotmail.com,281.254.309-73,A-
João Martins,joão.martins@hotmail.com,236.405.942-90,B-
Maria Pereira,maria.pereira@outlook.com,991.235.677-18,B-
Pedro Oliveira,pedro.oliveira@gmail.com,805.944.735-84,
Bruno Oliveira,bruno.oliveira@yahoo.com,,B+
Maria Silva,maria.silva@yahoo.com,510.730.855-91,A-
Bruno Lima,bruno.lima@hotmail.com,458.610.985-80,A-
,carla.pereira@hotmail.com,822.598.503-98,AB+
Lucas Martins,lucas.martins@yahoo.com,998.956.199-90,O+
Carla Silva,carla.silva@gmail.com,992.227.251-69,O+
João Costa,joão.costa@outlook.com,725.932.468-27,AB-
Pedro Souza,pedro.souza@hotmail.com,950.548.144-52,AB-
Fernando Rodrigues,fernando.rodrigues@yahoo.com,549.117.655-24,AB-
Fernando Lima,fernando.lima@outlook.com,322.886.117-27,AB-
Pedro Alves,pedro.alves@yahoo.com,901.897.311-66,B-
Maria Pereira,maria.pereira@hotmail.com,631.666.169-37,AB-
Lucas Alves,lucas.alves@yahoo.com,782.868.226-29,B-
Carla Lima,carla.lima@outlook.com,265.717.566-62,B+
Fernando Rodrigues,fernando.rodrigues@outlook.com,384.871.850-23,A+
Carla Martins,carla.martins@yahoo.com,953.375.137-66,A+
Pedro Lima,pedro.lima@gmail.com,282.512.872-52,A+
Ana Alves,ana.alves@hotmail.com,192.787.402-16,AB+
Bruno Oliveira,bruno.oliveira@outlook.com,247.223.260-28,A+
Beatriz Lima,beatriz.lima@outlook.com,146.730.663-86,A-
Carla Alves,carla.alves@outlook.com,,O-
João Rodrigues,joão.rodrigues@hotmail.com,281.761.431-94,AB-
Fernando Silva,fernando.silva@yahoo.com,868.345.785-52,A+
João Rodrigues,joão.rodrigues@hotmail.com,771.574.191-79,B+
Juliana Costa,juliana.costa@gmail.com,887.759.365-20,A-
,,,O+
Fernando Souza,fernando.souza@hotmail.com,154.385.347-87,AB-
Bruno Silva,bruno.silva@gmail.com,712.223.243-68,B+
Beatriz Lima,beatriz.lima@outlook.com,469.282.530-88,B-
Juliana Silva,juliana.silva@outlook.com,988.397.890-53,A-
Maria Pereira,maria.pereira@outlook.com,524.891.141-22,O+
Ana Pereira,ana.pereira@outlook.com,728.716.257-35,A+
Carla Alves,carla.alves@hotmail.com,743.374.570-24,A-
Fernando Lima,fernando.lima@yahoo.com,704.571.818-42,AB-
Beatriz Souza,beatriz.souza@hotmail.com,236.704.703-95,B+
Ana Martins,ana.martins@gmail.com,782.216.197-92,O+
Ana Silva,ana.silva@yahoo.com,343.299.553-71,A-
Lucas Rodrigues,lucas.rodrigues@gmail.com,323.627.383-94,O-
Bruno Martins,bruno.martins@outlook.com,135.380.355-44,AB+
Bruno Lima,bruno.lima@hotmail.com,636.911.813-43,O+
Maria Martins,maria.martins@hotmail.com,244.725.671-65,O-
Bruno Costa,bruno.costa@outlook.com,771.535.738-16,A+
Ana Ferreira,ana.ferreira@gmail.com,785.365.287-65,
Pedro Silva,pedro.silva@gmail.com,569.985.214-58,B-
Maria Martins,maria.martins@yahoo.com,800.199.829-35,AB-
Carla Alves,carla.alves@hotmail.com,433.463.243-64,B-
Fernando Martins,fernando.martins@yahoo.com,442.983.782-31,A+
Bruno Pereira,bruno.pereira@hotmail.com,352.471.469-84,A+
Beatriz Alves,beatriz.alves@yahoo.com,776.295.158-70,O+
Pedro Costa,pedro.costa@yahoo.com,212.367.412-21,A-
Bruno Alves,bruno.alves@hotmail.com,455.335.601-35,A+
Carla Martins,carla.martins@hotmail.com,678.483.960-56,AB-
Fernando Silva,fernando.silva@gmail.com,666.576.773-92,5284
Pedro Costa,pedro.costa@yahoo.com,,A-
Beatriz Rodrigues,beatriz.rodrigues@yahoo.com,172.446.971-13,A-
Bruno Souza,bruno.souza@hotmail.com,903.729.861-58,AB+
Fernando Pereira,fernando.pereira@gmail.com,619.121.165-46,O+
Pedro Martins,pedro.martins@outlook.com,664.325.477-97,O+
João Ferreira,joão.ferreira@hotmail.com,981.577.326-68,6525
Lucas Alves,lucas.alves@gmail.com,938.105.767-11,O+
Fernando Pereira,fernando.pereira@hotmail.com,865.660.253-59,AB+
Fernando Silva,fernando.silva@outlook.com,770.297.997-92,A+
Pedro Lima,pedro.lima@yahoo.com,725.473.728-24,O+
Maria Ferreira,maria.ferreira@yahoo.com,823.477.596-91,AB-
Maria Costa,maria.costa@outlook.com,644.694.627-39,B+
Pedro Martins,pedro.martins@gmail.com,635.949.802-71,O-
Maria Rodrigues,maria.rodrigues@outlook.com,397.412.437-62,O+
Juliana Ferreira,juliana.ferreira@outlook.com,319.708.673-15,A+
,fernando.martins@outlook.com,664.792.786-31,AB-
Juliana Martins,juliana.martins@hotmail.com,497.799.102-42,AB-
Fernando Lima,fernando.lima@outlook.com,145.391.206-23,B-
Lucas Alves,lucas.alves@yahoo.com,670.894.215-36,B-
Lucas Costa,lucas.costa@yahoo.com,550.482.553-36,B-
Fernando Costa,fernando.costa@yahoo.com,717.724.784-23,A+
Ana Alves,ana.alves@outlook.com,888.475.549-66,A-
Lucas Silva,lucas.silva@gmail.com,568.774.519-53,B+
Carla Souza,carla.souza@hotmail.com,803.359.214-62,A+
Juliana Silva,juliana.silva@outlook.com,553.688.161-62,O+
Lucas Alves,lucas.alves@hotmail.com,600.173.713-34,AB-
Bruno Pereira,bruno.pereira@outlook.com,316.283.519-93,
Beatriz Costa,beatriz.costa@outlook.com,812.777.612-97,A-
Ana Martins,ana.martins@yahoo.com,837.760.237-81,O+
Pedro Silva,pedro.silva@outlook.com,554.550.391-42,O+
Beatriz Oliveira,beatriz.oliveira@yahoo.com,928.612.658-34,B+
Fernando Lima,fernando.lima@yahoo.com,548.336.589-44,A-
Carla Souza,carla.souza@hotmail.com,704.799.488-80,B-
Bruno Souza,bruno.souza@hotmail.com,686.990.211-84,AB-
Maria Oliveira,maria.oliveira@hotmail.com,491.771.329-13,B-
Beatriz Lima,beatriz.lima@gmail.com,599.363.228-85,O+
Carla Costa,carla.costa@yahoo.com,347.982.503-34,O-
Maria Silva,maria.silva@hotmail.com,150.129.104-61,B-
Lucas Silva,lucas.silva@hotmail.com,561.288.395-65,A-
Fernando Silva,fernando.silva@yahoo.com,896.453.740-85,A-
Beatriz Martins,beatriz.martins@outlook.com,964.260.941-57,AB-
Carla Oliveira,carla.oliveira@outlook.com,219.473.300-85,AB-
Carla Oliveira,carla.oliveira@yahoo.com,122.393.136-92,A-
Juliana Rodrigues,juliana.rodrigues@hotmail.com,317.733.814-63,A-
João Martins,joão.martins@outlook.com,129.436.526-25,O-
Bruno Alves,bruno.alves@outlook.com,798.759.436-17,O+
Beatriz Pereira,beatriz.pereira@hotmail.com,249.945.479-84,B+
Lucas Oliveira,lucas.oliveira@yahoo.com,636.191.272-84,O+
Juliana Ferreira,juliana.ferreira@hotmail.com,928.568.385-41,A-
Pedro Oliveira,pedro.oliveira@hotmail.com,654.580.743-14,AB-
Maria Silva,maria.silva@yahoo.com,281.810.378-25,A+
Bruno Souza,bruno.souza@yahoo.com,346.517.319-95,O-
Ana Lima,ana.lima@outlook.com,998.829.224-41,B-
Pedro Pereira,pedro.pereira@hotmail.com,212.423.343-98,O+
João Martins,joão.martins@hotmail.com,698.434.615-99,O+
João Souza,joão.souza@hotmail.com,139.524.644-16,B-
Carla Pereira,carla.pereira@hotmail.com,338.288.425-22,AB-
Lucas Ferreira,lucas.ferreira@hotmail.com,143.302.259-53,AB-
Carla Costa,carla.costa@gmail.com,717.114.570-37,B+
Maria Pereira,maria.pereira@yahoo.com,881.425.175-14,AB+
Maria Ferreira,maria.ferreira@yahoo.com,833.833.372-38,B-
Ana Rodrigues,ana.rodrigues@yahoo.com,277.713.582-88,B+
Juliana Costa,juliana.costa@gmail.com,370.464.664-60,B-
Carla Silva,carla.silva@yahoo.com,742.877.224-14,AB+
Ana Martins,ana.martins@hotmail.com,180.846.665-33,B-
Bruno Alves,bruno.alves@yahoo.com,694.966.320-72,AB-
Maria Oliveira,maria.oliveira@outlook.com,436.377.959-13,B+
João Rodrigues,joão.rodrigues@gmail.com,521.753.225-28,7446
,joão.costa@gmail.com,739.108.456-92,O+
Ana Oliveira,ana.oliveira@gmail.com,900.680.339-35,AB+
Ana Silva,ana.silva@hotmail.com,813.496.228-20,A-
Ana Pereira,ana.pereira@gmail.com,123.730.421-54,B+
Fernando Pereira,,167.322.923-63,B+
Fernando Pereira,,980.977.934-91,A+
Fernando Rodrigues,fernando.rodrigues@hotmail.com,419.723.622-91,AB-
Lucas Oliveira,lucas.oliveira@gmail.com,475.108.963-50,A-
Beatriz Souza,beatriz.souza@gmail.com,176.925.289-39,O-
Beatriz Oliveira,beatriz.oliveira@yahoo.com,599.761.962-20,O-
Pedro Rodrigues,pedro.rodrigues@hotmail.com,797.750.891-25,B+
Lucas Pereira,lucas.pereira@yahoo.com,509.487.502-51,AB-
Lucas Pereira,lucas.pereira@yahoo.com,428.359.828-86,B+
Fernando Souza,fernando.souza@gmail.com,653.221.724-26,AB-
Lucas Lima,lucas.lima@yahoo.com,346.504.620-66,O+
Bruno Souza,bruno.souza@gmail.com,780.871.191-77,O+
Fernando Lima,fernando.lima@gmail.com,189.294.728-58,A-
8120,maria.souza@yahoo.com,525.775.463-26,A+
Maria Silva,maria.silva@gmail.com,494.307.327-34,O-
Carla Souza,carla.souza@outlook.com,978.977.860-13,A+
Carla Rodrigues,carla.rodrigues@gmail.com,,AB+
Lucas Oliveira,lucas.oliveira@gmail.com,133.501.949-90,AB+
Fernando Costa,fernando.costa@yahoo.com,613.784.866-17,AB-
Carla Silva,carla.silva@outlook.com,594.766.179-99,A+
Ana Silva,ana.silva@yahoo.com,253.338.624-94,AB-
Bruno Silva,bruno.silva@hotmail.com,566.401.323-97,AB+
Bruno Ferreira,bruno.ferreira@hotmail.com,681.750.582-90,A+
Fernando Martins,fernando.martins@outlook.com,423.923.789-81,O+
Carla Ferreira,carla.ferreira@gmail.com,673.204.405-92,AB+
Fernando Costa,fernando.costa@outlook.com,128.176.643-80,O-
Carla Ferreira,carla.ferreira@outlook.com,149.898.208-56,AB+
Lucas Ferreira,lucas.ferreira@yahoo.com,747.345.370-50,O-
Fernando Martins,fernando.martins@hotmail.com,656.451.524-18,AB+
Ana Costa,ana.costa@outlook.com,713.693.209-17,A+
Maria Alves,maria.alves@gmail.com,737.111.272-49,A-
Carla Pereira,carla.pereira@outlook.com,731.412.589-26,AB+
Pedro Oliveira,pedro.oliveira@yahoo.com,226.600.714-88,B+
Lucas Silva,lucas.silva@gmail.com,798.733.157-51,A-
Maria Silva,maria.silva@hotmail.com,397.329.247-21,O-
Bruno Pereira,bruno.pereira@hotmail.com,906.183.760-37,B-
Pedro Martins,pedro.martins@yahoo.com,822.434.342-91,A+
Bruno Silva,bruno.silva@hotmail.com,369.893.342-85,A-
Fernando Silva,fernando.silva@gmail.com,665.589.215-30,AB-
Ana Lima,ana.lima@gmail.com,489.936.259-13,O+
João Souza,joão.souza@yahoo.com,384.214.645-78,O+
Ana Pereira,ana.pereira@outlook.com,263.224.241-52,AB-
Juliana Costa,juliana.costa@yahoo.com,340.311.854-24,B+
Carla Silva,carla.silva@yahoo.com,792.477.427-25,A-
,bruno.silva@outlook.com,566.510.304-46,O+
Carla Ferreira,carla.ferreira@hotmail.com,969.125.973-29,O+
Fernando Ferreira,fernando.ferreira@hotmail.com,886.690.619-37,O+
Ana Ferreira,ana.ferreira@gmail.com,951.203.384-59,O+
Juliana Costa,juliana.costa@outlook.com,696.748.230-49,1220
Carla Oliveira,carla.oliveira@gmail.com,546.347.152-59,AB-
Fernando Ferreira,fernando.ferreira@gmail.com,751.593.383-69,A-
Carla Costa,carla.costa@outlook.com,272.134.692-78,B-
Bruno Rodrigues,bruno.rodrigues@yahoo.com,871.445.686-89,B-
Juliana Souza,juliana.souza@hotmail.com,307.188.597-22,O+
Lucas Oliveira,lucas.oliveira@outlook.com,504.190.748-71,O+
Maria Ferreira,maria.ferreira@yahoo.com,291.270.760-76,A+
Beatriz Souza,beatriz.souza@hotmail.com,659.492.539-98,A+
Ana Oliveira,ana.oliveira@yahoo.com,108.226.534-25,B+
Maria Alves,maria.alves@outlook.com,725.964.828-17,O-
Juliana Rodrigues,juliana.rodrigues@hotmail.com,941.734.398-28,AB+
Maria Alves,maria.alves@hotmail.com,476.241.988-44,AB+
Lucas Souza,,552.991.880-44,A+
Maria Ferreira,maria.ferreira@outlook.com,478.428.994-80,B-
,joão.pereira@hotmail.com,,B+
João Costa,joão.costa@outlook.com,811.507.982-24,AB+
João Costa,joão.costa@hotmail.com,944.352.579-99,9704
Carla Alves,carla.alves@gmail.com,794.522.406-28,O+
Beatriz Alves,beatriz.alves@gmail.com,,
Lucas Silva,lucas.silva@hotmail.com,666.385.651-25,A-
Lucas Ferreira,lucas.ferreira@yahoo.com,160.508.462-38,B-
Ana Costa,ana.costa@yahoo.com,656.827.279-69,A-
Bruno Costa,bruno.costa@hotmail.com,263.853.272-55,AB+
João Souza,joão.souza@yahoo.com,756.481.665-82,O+
Bruno Martins,bruno.martins@yahoo.com,229.241.393-84,O-
Pedro Alves,pedro.alves@gmail.com,865.453.454-41,AB+
Maria Silva,maria.silva@outlook.com,479.678.247-79,A-
Ana Pereira,ana.pereira@yahoo.com,821.557.212-38,O-
Beatriz Martins,beatriz.martins@hotmail.com,944.759.254-58,AB+
Ana Ferreira,ana.ferreira@outlook.com,863.290.877-86,6041
Bruno Oliveira,bruno.oliveira@outlook.com,576.952.323-74,A-
João Oliveira,joão.oliveira@hotmail.com,597.438.628-10,AB-
Fernando Souza,fernando.souza@hotmail.com,616.584.639-85,O-
Maria Costa,maria.costa@outlook.com,559.806.232-32,AB-
Maria Ferreira,maria.ferreira@gmail.com,749.167.980-92,B-
Pedro Pereira,pedro.pereira@outlook.com,559.343.782-55,O-
Ana Alves,ana.alves@gmail.com,995.597.621-52,O+
Juliana Souza,juliana.souza@outlook.com,704.891.478-79,AB-
Juliana Lima,juliana.lima@gmail.com,142.476.237-17,B+
João Oliveira,joão.oliveira@gmail.com,874.355.492-97,O+
Fernando Rodrigues,fernando.rodrigues@hotmail.com,787.619.850-38,O+
Ana Costa,ana.costa@outlook.com,742.677.351-48,A-
Fernando Silva,fernando.silva@hotmail.com,738.222.405-71,B+
Carla Oliveira,carla.oliveira@outlook.com,320.955.381-81,AB-
Fernando Souza,fernando.souza@yahoo.com,121.502.277-56,O-
Maria Ferreira,maria.ferreira@yahoo.com,891.262.321-83,B-
Carla Costa,carla.costa@outlook.com,667.568.822-63,O+
Ana Lima,ana.lima@outlook.com,733.931.826-84,A-
Ana Ferreira,ana.ferreira@outlook.com,203.914.235-29,A+
Fernando Oliveira,fernando.oliveira@hotmail.com,156.821.992-40,AB-
Juliana Costa,juliana.costa@gmail.com,288.277.107-80,AB-
Juliana Alves,juliana.alves@gmail.com,962.628.485-27,A+
Pedro Costa,pedro.costa@yahoo.com,168.330.890-85,O-
,,,B-
Bruno Silva,bruno.silva@outlook.com,643.311.980-50,B+
Juliana Alves,juliana.alves@gmail.com,166.789.529-20,AB-
Ana Oliveira,ana.oliveira@gmail.com,425.188.434-45,A-
Pedro Lima,pedro.lima@hotmail.com,342.606.122-12,AB+
Carla Alves,carla.alves@outlook.com,533.867.124-20,AB+
Lucas Oliveira,lucas.oliveira@yahoo.com,,O+
Pedro Rodrigues,pedro.rodrigues@yahoo.com,538.841.790-68,O-
4931,4673,362.823.735-67,4064
Pedro Rodrigues,pedro.rodrigues@outlook.com,699.317.506-17,B+
Juliana Costa,juliana.costa@gmail.com,494.560.826-31,A-
Lucas Costa,lucas.costa@outlook.com,511.589.832-51,A+
Beatriz Souza,beatriz.souza@yahoo.com,496.327.964-14,AB+
Maria Rodrigues,maria.rodrigues@gmail.com,871.700.549-70,A+
Lucas Rodrigues,lucas.rodrigues@hotmail.com,671.775.788-24,B+
,juliana.martins@gmail.com,822.968.566-78,B-
Carla Souza,carla.souza@yahoo.com,357.375.431-74,B+
Lucas Souza,lucas.souza@hotmail.com,214.101.762-23,A+
Fernando Souza,fernando.souza@gmail.com,180.723.659-48,AB+
Beatriz Rodrigues,beatriz.rodrigues@outlook.com,260.619.418-13,A-
Beatriz Costa,beatriz.costa@hotmail.com,556.992.328-83,O-
Ana Silva,ana.silva@hotmail.com,138.844.146-20,B+
Bruno Oliveira,bruno.oliveira@hotmail.com,,
Pedro Oliveira,pedro.oliveira@gmail.com,979.704.273-32,A-
Bruno Costa,bruno.costa@hotmail.com,375.706.455-44,A+
Bruno Costa,bruno.costa@outlook.com,177.393.810-58,
Pedro Pereira,pedro.pereira@gmail.com,605.554.312-35,AB-
Juliana Alves,juliana.alves@yahoo.com,139.943.463-39,A+
Carla Lima,carla.lima@gmail.com,672.722.920-31,AB+
Ana Souza,ana.souza@outlook.com,420.824.519-17,O+
Fernando Silva,fernando.silva@outlook.com,357.413.318-84,A+
Maria Costa,maria.costa@hotmail.com,856.673.185-23,B+
Juliana Martins,juliana.martins@yahoo.com,510.217.214-54,AB-
João Lima,joão.lima@hotmail.com,257.844.320-30,AB+
Pedro Costa,pedro.costa@gmail.com,343.297.570-68,AB-
Bruno Ferreira,bruno.ferreira@yahoo.com,759.728.202-28,5636
Ana Costa,ana.costa@gmail.com,900.248.927-52,A-
Carla Lima,carla.lima@hotmail.com,288.976.206-37,O+
Pedro Rodrigues,pedro.rodrigues@hotmail.com,,B+
Carla Alves,carla.alves@yahoo.com,310.824.675-37,O-
Lucas Silva,lucas.silva@gmail.com,775.857.654-79,O+
Fernando Lima,fernando.lima@yahoo.com,485.978.358-23,O+
Bruno Souza,bruno.souza@yahoo.com,216.529.632-71,AB+
Juliana Rodrigues,juliana.rodrigues@yahoo.com,538.754.785-80,A+
Pedro Rodrigues,pedro.rodrigues@hotmail.com,298.471.411-46,B+
Maria Lima,maria.lima@outlook.com,549.711.221-18,B-
Beatriz Costa,beatriz.costa@gmail.com,777.980.178-91,O-
Juliana Rodrigues,juliana.rodrigues@yahoo.com,800.983.180-67,O+
Bruno Silva,bruno.silva@yahoo.com,268.999.599-20,A+
João Rodrigues,joão.rodrigues@gmail.com,873.655.633-39,A-
João Lima,joão.lima@yahoo.com,789.244.469-39,B+
Ana Souza,ana.souza@gmail.com,916.454.598-21,AB-
Pedro Pereira,pedro.pereira@gmail.com,217.630.429-77,B-
6305,maria.rodrigues@yahoo.com,863.363.953-42,B-
Lucas Martins,lucas.martins@outlook.com,473.998.876-41,AB+
Maria Lima,maria.lima@gmail.com,929.966.478-85,B+
Juliana Souza,juliana.souza@gmail.com,283.791.165-94,B+
Maria Oliveira,maria.oliveira@yahoo.com,348.230.544-58,O-
Juliana Oliveira,,,O-
Pedro Pereira,pedro.pereira@hotmail.com,879.174.442-84,B-
Ana Silva,ana.silva@gmail.com,448.734.731-88,B+
Juliana Souza,juliana.souza@gmail.com,132.299.205-36,B-
João Alves,joão.alves@outlook.com,908.375.335-84,B+
Maria Ferreira,maria.ferreira@yahoo.com,742.425.394-98,B+
Pedro Martins,pedro.martins@yahoo.com,669.245.400-60,O+
Fernando Ferreira,fernando.ferreira@yahoo.com,681.618.271-47,O-
Pedro Souza,pedro.souza@yahoo.com,337.945.795-80,A-
Maria Silva,maria.silva@yahoo.com,492.947.211-86,AB+
Juliana Costa,juliana.costa@gmail.com,362.566.180-35,A+
Bruno Martins,bruno.martins@gmail.com,661.417.352-69,AB-
Carla Silva,3787,649.536.722-52,B-
Bruno Silva,bruno.silva@yahoo.com,754.221.196-84,B+
Maria Souza,maria.souza@outlook.com,210.131.212-84,8085
Carla Costa,carla.costa@hotmail.com,281.231.222-61,A-
Fernando Rodrigues,fernando.rodrigues@yahoo.com,759.111.668-97,B+
Fernando Alves,fernando.alves@hotmail.com,924.679.677-74,A-
9787,joão.rodrigues@gmail.com,187.175.220-88,8321
João Rodrigues,joão.rodrigues@yahoo.com,186.607.994-48,AB-
Maria Pereira,maria.pereira@outlook.com,759.322.818-91,O+
Bruno Pereira,bruno.pereira@hotmail.com,371.742.223-24,B+
Bruno Martins,bruno.martins@hotmail.com,576.497.113-80,O-
Lucas Pereira,lucas.pereira@yahoo.com,591.309.151-45,A-
Bruno Alves,bruno.alves@gmail.com,655.445.329-57,B+
5893,pedro.costa@outlook.com,898.735.371-57,B+
João Lima,joão.lima@outlook.com,485.739.532-65,O+
Fernando Alves,fernando.alves@outlook.com,400.959.290-52,AB+
Bruno Silva,bruno.silva@outlook.com,816.938.186-17,O+
Ana Oliveira,ana.oliveira@yahoo.com,599.449.441-19,O-
Fernando Alves,fernando.alves@outlook.com,305.522.909-72,AB-
Maria Pereira,maria.pereira@outlook.com,,
Maria Souza,maria.souza@gmail.com,933.398.725-12,A-
Carla Alves,carla.alves@hotmail.com,831.281.759-78,AB-
Fernando Alves,fernando.alves@outlook.com,258.628.328-25,O+
Juliana Martins,juliana.martins@outlook.com,386.247.467-35,AB-
João Souza,joão.souza@yahoo.com,493.618.490-59,AB+
Ana Costa,ana.costa@outlook.com,345.903.265-74,B+
Bruno Costa,bruno.costa@gmail.com,835.323.151-98,O-
Pedro Lima,pedro.lima@outlook.com,170.278.633-78,O+
João Rodrigues,joão.rodrigues@outlook.com,471.551.387-14,O+
Ana Souza,ana.souza@outlook.com,180.666.641-93,A-
Fernando Costa,fernando.costa@yahoo.com,722.216.151-67,O+
Maria Pereira,maria.pereira@hotmail.com,793.941.154-45,AB-
Beatriz Silva,beatriz.silva@gmail.com,288.530.971-96,O+
Ana Alves,ana.alves@hotmail.com,157.729.711-99,
Carla Pereira,carla.pereira@gmail.com,945.286.956-17,O-
Ana Ferreira,ana.ferreira@outlook.com,645.236.964-12,AB+
Carla Costa,carla.costa@hotmail.com,380.695.169-52,B+
Fernando Costa,fernando.costa@yahoo.com,646.720.412-51,AB-
Fernando Rodrigues,fernando.rodrigues@hotmail.com,976.135.849-64,A+
Ana Lima,ana.lima@gmail.com,862.514.205-26,O+
Beatriz Lima,beatriz.lima@yahoo.com,800.206.681-87,A-
Pedro Alves,pedro.alves@hotmail.com,668.815.974-32,AB+
Bruno Rodrigues,bruno.rodrigues@hotmail.com,329.859.416-35,B+
Juliana Oliveira,juliana.oliveira@hotmail.com,833.191.369-48,O-
Lucas Pereira,lucas.pereira@yahoo.com,507.653.132-27,A+
Juliana Ferreira,juliana.ferreira@gmail.com,347.789.863-11,AB+
Ana Rodrigues,ana.rodrigues@gmail.com,500.207.623-99,AB+
Juliana Alves,juliana.alves@yahoo.com,800.101.699-54,B+
Fernando Martins,fernando.martins@outlook.com,509.772.389-38,O+
Fernando Alves,fernando.alves@yahoo.com,298.639.375-45,A+
Maria Souza,maria.souza@gmail.com,163.995.549-52,O-
Bruno Souza,bruno.souza@hotmail.com,401.985.467-10,O-
Carla Rodrigues,carla.rodrigues@hotmail.com,649.192.163-19,AB-
Pedro Martins,pedro.martins@outlook.com,979.579.246-32,O+
Bruno Souza,bruno.souza@yahoo.com,490.616.532-30,B-
Juliana Alves,juliana.alves@yahoo.com,564.890.412-41,AB+
Pedro Lima,pedro.lima@gmail.com,289.124.358-56,A+
Ana Costa,ana.costa@yahoo.com,345.323.321-65,AB-
Maria Souza,maria.souza@hotmail.com,140.170.835-52,A-
Ana Oliveira,ana.oliveira@hotmail.com,736.534.854-13,A-
Ana Costa,ana.costa@outlook.com,203.722.980-60,AB+
Ana Costa,ana.costa@gmail.com,411.520.768-94,B+
Maria Oliveira,maria.oliveira@hotmail.com,154.163.375-94,O+
Beatriz Souza,beatriz.souza@hotmail.com,520.868.496-12,AB-
Juliana Costa,juliana.costa@hotmail.com,467.472.433-13,O+
Lucas Martins,lucas.martins@gmail.com,339.152.422-62,O-
Pedro Oliveira,pedro.oliveira@yahoo.com,861.532.280-77,B+
João Ferreira,,981.874.985-45,
Fernando Lima,fernando.lima@gmail.com,625.349.786-84,AB-
Carla Souza,carla.souza@outlook.com,715.979.192-10,B+
Bruno Silva,bruno.silva@hotmail.com,383.166.382-89,
João Lima,joão.lima@outlook.com,423.733.768-74,B-
Lucas Oliveira,lucas.oliveira@gmail.com,572.518.262-11,A-
Bruno Rodrigues,bruno.rodrigues@hotmail.com,988.535.148-28,B+
Bruno Souza,bruno.souza@gmail.com,830.897.174-35,O+
Bruno Oliveira,bruno.oliveira@hotmail.com,989.490.975-68,B+
Fernando Martins,fernando.martins@hotmail.com,920.122.275-35,O-
Bruno Martins,bruno.martins@hotmail.com,495.213.742-58,O-
Ana Pereira,ana.pereira@gmail.com,117.224.465-10,A-
Lucas Martins,lucas.martins@yahoo.com,119.402.234-94,B+
Bruno Souza,bruno.souza@outlook.com,598.390.899-22,B+
Beatriz Rodrigues,beatriz.rodrigues@yahoo.com,703.691.490-84,O-
Maria Alves,maria.alves@gmail.com,487.140.194-62,O-
João Souza,joão.souza@gmail.com,698.145.171-25,B-
João Martins,joão.martins@outlook.com,783.585.317-15,B-
Carla Martins,carla.martins@yahoo.com,888.476.538-39,AB+
Ana Costa,ana.costa@outlook.com,141.851.345-48,B-
Bruno Martins,bruno.martins@yahoo.com,576.991.827-79,B-
Maria Pereira,maria.pereira@yahoo.com,162.661.335-87,B-
Bruno Martins,bruno.martins@gmail.com,114.100.952-81,O-
Bruno Pereira,bruno.pereira@outlook.com,885.503.326-18,A-
Carla Costa,carla.costa@yahoo.com,594.364.482-19,A+
Lucas Oliveira,lucas.oliveira@yahoo.com,398.401.711-30,A+
Juliana Alves,juliana.alves@outlook.com,762.340.624-17,7198
Ana Rodrigues,ana.rodrigues@outlook.com,681.490.222-96,AB-
Beatriz Costa,beatriz.costa@hotmail.com,436.260.184-44,B-
Carla Oliveira,carla.oliveira@outlook.com,459.873.710-26,O-
Pedro Lima,pedro.lima@hotmail.com,928.921.822-16,O+
Carla Alves,carla.alves@hotmail.com,771.180.892-23,O-
Pedro Souza,pedro.souza@yahoo.com,535.537.307-87,AB+
Juliana Silva,juliana.silva@hotmail.com,828.768.659-33,B-
Beatriz Rodrigues,beatriz.rodrigues@yahoo.com,930.551.325-16,O-
Carla Alves,carla.alves@outlook.com,750.667.161-45,B+
Beatriz Oliveira,beatriz.oliveira@hotmail.com,664.684.391-16,O-
Juliana Silva,juliana.silva@yahoo.com,869.843.661-33,O-
Maria Rodrigues,maria.rodrigues@gmail.com,256.324.617-91,B-
Carla Oliveira,carla.oliveira@hotmail.com,,O-
Juliana Ferreira,juliana.ferreira@gmail.com,964.622.365-72,A+
Fernando Lima,fernando.lima@outlook.com,973.481.226-24,A+
Fernando Ferreira,fernando.ferreira@outlook.com,160.773.740-36,O-
Fernando Martins,fernando.martins@hotmail.com,182.677.815-86,O-
Carla Souza,carla.souza@yahoo.com,,AB+
Beatriz Ferreira,beatriz.ferreira@gmail.com,257.894.436-78,B+
,bruno.martins@yahoo.com,,O+
Pedro Alves,pedro.alves@yahoo.com,178.855.317-51,B+
Juliana Silva,juliana.silva@yahoo.com,375.166.756-73,B+
Beatriz Souza,beatriz.souza@hotmail.com,462.397.567-94,A+
Maria Rodrigues,maria.rodrigues@gmail.com,690.745.111-92,B+
Carla Lima,carla.lima@hotmail.com,741.508.270-89,O-
,beatriz.martins@yahoo.com,,AB+
Fernando Lima,fernando.lima@gmail.com,274.858.911-26,O-
Beatriz Silva,beatriz.silva@outlook.com,132.367.223-88,O-
Carla Costa,carla.costa@gmail.com,492.894.220-18,A+
Lucas Souza,lucas.souza@yahoo.com,730.251.386-46,O-
Bruno Silva,bruno.silva@hotmail.com,467.946.595-85,O+
Lucas Ferreira,lucas.ferreira@yahoo.com,528.766.262-30,A-
Bruno Silva,9588,199.317.312-74,4630
Carla Alves,carla.alves@gmail.com,224.633.312-49,AB-
Juliana Costa,juliana.costa@outlook.com,260.952.145-81,AB-
João Oliveira,joão.oliveira@outlook.com,260.387.199-91,AB+
Beatriz Alves,beatriz.alves@hotmail.com,647.853.100-47,O+
Bruno Costa,bruno.costa@yahoo.com,897.331.234-53,A-
Carla Rodrigues,carla.rodrigues@hotmail.com,339.385.889-47,AB+
Maria Lima,maria.lima@yahoo.com,431.585.928-92,A+
Ana Rodrigues,ana.rodrigues@hotmail.com,400.381.135-86,O-
Bruno Ferreira,bruno.ferreira@gmail.com,929.261.311-83,B-
Bruno Souza,bruno.souza@hotmail.com,832.815.773-62,AB+
João Souza,joão.souza@outlook.com,793.671.364-67,O+
Pedro Costa,pedro.costa@yahoo.com,838.144.368-27,B-
Maria Oliveira,maria.oliveira@yahoo.com,139.415.500-64,B-
Lucas Lima,lucas.lima@hotmail.com,977.492.683-52,B-
Juliana Martins,juliana.martins@outlook.com,104.131.761-33,B-
Fernando Oliveira,fernando.oliveira@gmail.com,959.805.923-80,A+
,carla.souza@outlook.com,134.920.853-55,AB+
8363,juliana.martins@hotmail.com,537.889.448-62,B-
Fernando Martins,fernando.martins@outlook.com,122.666.628-70,A-
Bruno Silva,bruno.silva@gmail.com,363.556.811-95,AB+
Ana Alves,ana.alves@yahoo.com,486.316.310-79,AB+
Pedro Pereira,pedro.pereira@hotmail.com,992.700.456-74,AB-
Pedro Martins,8049,605.683.539-38,B+
9432,beatriz.rodrigues@hotmail.com,845.897.271-37,O-
Lucas Martins,lucas.martins@gmail.com,673.673.675-77,O-
,lucas.silva@gmail.com,817.920.512-54,A-
Lucas Silva,lucas.silva@outlook.com,589.161.326-52,AB-
Pedro Rodrigues,pedro.rodrigues@hotmail.com,829.123.772-82,B-
Juliana Ferreira,juliana.ferreira@hotmail.com,292.233.272-74,B-
Ana Pereira,ana.pereira@hotmail.com,964.955.974-27,O+
Beatriz Alves,beatriz.alves@gmail.com,483.872.722-47,AB-
Fernando Martins,fernando.martins@outlook.com,954.244.679-58,B+
Beatriz Lima,beatriz.lima@hotmail.com,930.270.356-14,O-
Carla Martins,carla.martins@gmail.com,170.470.375-63,AB-
Bruno Silva,bruno.silva@gmail.com,508.917.543-57,O+
Pedro Souza,pedro.souza@yahoo.com,527.433.434-37,A-
Carla Lima,carla.lima@outlook.com,485.303.666-63,A-
Fernando Rodrigues,fernando.rodrigues@gmail.com,916.321.609-31,A-
Lucas Souza,lucas.souza@outlook.com,632.277.357-69,B+
Bruno Costa,bruno.costa@hotmail.com,855.918.778-54,B+
Pedro Martins,pedro.martins@gmail.com,643.965.272-23,B+
Bruno Silva,bruno.silva@gmail.com,932.575.244-41,B-
4521,ana.ferreira@gmail.com,364.578.161-45,AB-
Bruno Alves,bruno.alves@outlook.com,772.679.851-52,O-
Bruno Alves,bruno.alves@hotmail.com,318.276.247-50,B-
Bruno Oliveira,bruno.oliveira@gmail.com,890.792.153-90,
João Lima,joão.lima@gmail.com,587.128.115-30,A+
Lucas Pereira,lucas.pereira@outlook.com,939.999.901-95,B-
Bruno Costa,bruno.costa@hotmail.com,485.191.145-48,B-
Maria Oliveira,maria.oliveira@gmail.com,598.669.891-78,A+
Lucas Costa,lucas.costa@hotmail.com,814.624.372-75,B-
Bruno Martins,bruno.martins@hotmail.com,951.502.812-31,A+
Ana Oliveira,ana.oliveira@yahoo.com,956.279.613-86,B+
João Ferreira,joão.ferreira@outlook.com,866.482.932-25,AB-
Lucas Rodrigues,lucas.rodrigues@outlook.com,627.522.555-26,O-
Carla Martins,carla.martins@outlook.com,345.116.689-87,A+
Juliana Oliveira,juliana.oliveira@outlook.com,527.971.580-37,AB-
Pedro Alves,pedro.alves@outlook.com,647.707.977-58,A-
Beatriz Ferreira,beatriz.ferreira@hotmail.com,498.267.695-31,A-
Carla Rodrigues,carla.rodrigues@outlook.com,711.263.795-10,
Lucas Costa,lucas.costa@gmail.com,761.642.174-53,O-
Pedro Alves,pedro.alves@outlook.com,134.838.666-15,O-
Juliana Alves,juliana.alves@gmail.com,337.782.679-19,A+
João Rodrigues,joão.rodrigues@hotmail.com,,A-
Bruno Rodrigues,bruno.rodrigues@outlook.com,177.656.116-57,4842
Ana Costa,ana.costa@hotmail.com,535.433.694-81,B+
João Ferreira,joão.ferreira@outlook.com,468.833.790-54,B-
Bruno Rodrigues,bruno.rodrigues@gmail.com,245.664.249-17,A-
Fernando Martins,fernando.martins@hotmail.com,575.554.551-85,AB-
Maria Costa,maria.costa@gmail.com,649.258.201-86,B-
João Martins,joão.martins@outlook.com,678.361.414-56,A+
Carla Costa,carla.costa@hotmail.com,806.474.482-43,B+
Fernando Oliveira,fernando.oliveira@hotmail.com,345.364.507-50,O-
Bruno Alves,bruno.alves@outlook.com,879.551.218-80,B+
Carla Rodrigues,carla.rodrigues@gmail.com,421.947.121-23,A+
Lucas Silva,lucas.silva@yahoo.com,649.878.173-86,AB-
Fernando Costa,fernando.costa@hotmail.com,400.991.944-79,AB+
,carla.martins@hotmail.com,364.706.712-81,A-
Lucas Alves,lucas.alves@hotmail.com,537.888.341-40,AB+
Beatriz Martins,beatriz.martins@gmail.com,588.799.277-54,AB-
Carla Souza,carla.souza@gmail.com,310.309.506-17,A+
Juliana Silva,juliana.silva@hotmail.com,830.969.775-96,O-
Pedro Alves,pedro.alves@gmail.com,750.381.648-25,A+
Ana Martins,ana.martins@hotmail.com,679.245.955-58,AB-
Ana Souza,ana.souza@yahoo.com,524.685.379-50,A+
Juliana Alves,juliana.alves@yahoo.com,638.523.445-43,B+
,joão.rodrigues@hotmail.com,,AB-
Lucas Costa,lucas.costa@gmail.com,834.897.548-93,AB-
Lucas Pereira,lucas.pereira@outlook.com,250.635.785-18,B-
Carla Lima,carla.lima@outlook.com,719.296.402-42,O-
Lucas Costa,lucas.costa@gmail.com,803.960.867-18,A+
Lucas Rodrigues,lucas.rodrigues@hotmail.com,974.839.279-14,AB-
Juliana Oliveira,juliana.oliveira@yahoo.com,883.254.820-76,O-
Bruno Souza,bruno.souza@hotmail.com,234.322.219-12,AB-
Carla Martins,carla.martins@hotmail.com,739.580.246-34,A+
Ana Rodrigues,ana.rodrigues@gmail.com,850.397.149-41,O+
Juliana Lima,juliana.lima@hotmail.com,386.988.413-97,B-
Carla Costa,carla.costa@yahoo.com,631.313.507-27,AB+
Carla Alves,carla.alves@outlook.com,415.782.269-34,AB-
Lucas Costa,lucas.costa@outlook.com,303.161.768-89,O-
Beatriz Martins,beatriz.martins@outlook.com,233.667.315-47,AB+
Pedro Alves,pedro.alves@outlook.com,989.385.912-30,AB-
Juliana Souza,juliana.souza@outlook.com,161.669.714-78,O-
Ana Souza,ana.souza@gmail.com,365.786.550-93,AB+
,carla.souza@yahoo.com,625.449.588-67,B+
Beatriz Pereira,beatriz.pereira@hotmail.com,496.899.701-50,O-
Beatriz Costa,beatriz.costa@outlook.com,200.299.246-95,A+
João Rodrigues,joão.rodrigues@hotmail.com,,O-
Juliana Oliveira,juliana.oliveira@yahoo.com,317.996.412-73,O+
Carla Pereira,carla.pereira@outlook.com,937.854.634-87,AB-
João Alves,,400.503.483-13,B+
Fernando Ferreira,fernando.ferreira@gmail.com,847.319.701-27,AB-
Pedro Souza,pedro.souza@outlook.com,953.384.626-36,B+
Ana Rodrigues,ana.rodrigues@yahoo.com,473.920.226-98,B-
Bruno Ferreira,bruno.ferreira@hotmail.com,170.603.835-59,O+
Ana Oliveira,ana.oliveira@outlook.com,426.885.426-80,B+
Ana Rodrigues,ana.rodrigues@hotmail.com,316.288.187-22,B-
João Souza,joão.souza@outlook.com,378.272.158-82,B+
Ana Lima,ana.lima@outlook.com,247.925.455-41,AB+
Carla Ferreira,carla.ferreira@hotmail.com,712.473.227-79,O-
Beatriz Pereira,beatriz.pereira@hotmail.com,259.410.784-33,AB-
Fernando Alves,fernando.alves@hotmail.com,,B-
Beatriz Alves,beatriz.alves@gmail.com,250.674.782-23,AB-
Pedro Oliveira,pedro.oliveira@yahoo.com,842.639.194-90,O+
Ana Martins,ana.martins@gmail.com,669.252.314-64,B-
Carla Costa,carla.costa@hotmail.com,387.267.338-62,O+
Maria Rodrigues,maria.rodrigues@gmail.com,,O+
Beatriz Costa,beatriz.costa@gmail.com,219.201.870-35,B-
Lucas Alves,lucas.alves@outlook.com,638.276.584-88,B+
Lucas Ferreira,lucas.ferreira@yahoo.com,504.384.232-79,B+
,lucas.rodrigues@hotmail.com,678.522.202-82,AB+
Pedro Silva,pedro.silva@outlook.com,,B+
Bruno Souza,bruno.souza@hotmail.com,616.251.325-60,A+
Juliana Lima,juliana.lima@gmail.com,689.138.330-87,B-
Carla Silva,carla.silva@outlook.com,906.936.658-78,B+
Fernando Ferreira,fernando.ferreira@hotmail.com,814.812.421-65,A+
Juliana Oliveira,juliana.oliveira@gmail.com,662.978.302-29,AB-
Lucas Martins,lucas.martins@yahoo.com,432.534.828-84,AB-
João Costa,joão.costa@gmail.com,322.518.951-70,B-
Juliana Silva,juliana.silva@outlook.com,705.392.607-90,B-
Beatriz Rodrigues,beatriz.rodrigues@yahoo.com,936.572.569-95,AB-
Lucas Alves,lucas.alves@gmail.com,535.105.284-36,B-
João Oliveira,joão.oliveira@hotmail.com,750.770.686-48,AB+
Maria Oliveira,maria.oliveira@yahoo.com,319.538.613-83,O-
Maria Oliveira,maria.oliveira@outlook.com,397.856.987-27,A-
Pedro Lima,pedro.lima@yahoo.com,481.390.782-62,B+
Pedro Silva,pedro.silva@gmail.com,938.889.293-97,AB-
Lucas Ferreira,lucas.ferreira@hotmail.com,551.511.987-13,AB+
Lucas Lima,lucas.lima@outlook.com,825.199.224-61,O+
Juliana Silva,juliana.silva@gmail.com,616.964.962-51,AB-
Ana Oliveira,ana.oliveira@hotmail.com,813.614.169-95,A-
Lucas Silva,lucas.silva@outlook.com,738.860.440-81,O+
7685,ana.souza@hotmail.com,599.180.719-39,O+
Juliana Silva,juliana.silva@outlook.com,338.105.995-44,B-
Beatriz Souza,beatriz.souza@hotmail.com,403.704.203-41,B+
Carla Oliveira,carla.oliveira@gmail.com,717.743.312-38,O+
Lucas Ferreira,lucas.ferreira@gmail.com,782.872.784-78,B-
Carla Oliveira,carla.oliveira@hotmail.com,774.479.460-68,AB+
Pedro Alves,pedro.alves@hotmail.com,775.717.455-18,AB-
Juliana Rodrigues,juliana.rodrigues@gmail.com,720.345.921-76,AB-
João Costa,joão.costa@gmail.com,931.278.146-34,
Carla Silva,carla.silva@gmail.com,754.405.485-93,AB+
Juliana Rodrigues,juliana.rodrigues@gmail.com,796.939.948-47,AB+
João Ferreira,joão.ferreira@hotmail.com,933.775.430-81,AB-
João Alves,joão.alves@yahoo.com,857.365.196-21,A-
Bruno Costa,bruno.costa@outlook.com,574.966.887-56,A-
Carla Lima,carla.lima@gmail.com,832.981.223-97,
Fernando Rodrigues,fernando.rodrigues@gmail.com,429.219.450-46,A-
Beatriz Alves,beatriz.alves@gmail.com,750.202.405-31,A-
Maria Costa,maria.costa@yahoo.com,718.276.727-95,AB-
Carla Rodrigues,carla.rodrigues@hotmail.com,332.817.567-48,AB-
Beatriz Martins,beatriz.martins@hotmail.com,730.866.890-83,B+
Fernando Martins,fernando.martins@outlook.com,638.139.788-70,A+
Pedro Silva,pedro.silva@hotmail.com,623.795.965-71,O-
Pedro Oliveira,pedro.oliveira@outlook.com,116.781.789-74,O-
Maria Alves,maria.alves@yahoo.com,404.886.677-96,A-
Juliana Pereira,juliana.pereira@hotmail.com,501.963.654-54,B-
Maria Silva,maria.silva@gmail.com,759.384.546-33,A-
Lucas Rodrigues,lucas.rodrigues@hotmail.com,176.848.753-44,A+
Ana Silva,ana.silva@yahoo.com,759.611.769-28,O+
João Ferreira,joão.ferreira@gmail.com,359.983.281-12,O-
João Oliveira,joão.oliveira@yahoo.com,804.641.255-35,A+
Ana Pereira,ana.pereira@outlook.com,683.419.794-76,AB-
Juliana Silva,juliana.silva@yahoo.com,520.240.950-17,O+
João Lima,joão.lima@outlook.com,397.781.565-67,A-
,ana.alves@outlook.com,864.618.652-38,B-
5524,carla.souza@gmail.com,539.610.167-88,B+
Juliana Pereira,juliana.pereira@outlook.com,227.574.944-15,O+
Pedro Alves,pedro.alves@hotmail.com,118.696.736-26,A-
Lucas Pereira,lucas.pereira@hotmail.com,261.441.536-69,A-
Beatriz Alves,beatriz.alves@gmail.com,241.445.604-18,AB-
Carla Ferreira,carla.ferreira@yahoo.com,706.462.478-91,O-
João Ferreira,joão.ferreira@outlook.com,404.460.701-75,AB-
Juliana Martins,juliana.martins@outlook.com,672.954.921-39,AB+
João Costa,joão.costa@hotmail.com,517.421.843-16,AB+
Lucas Souza,lucas.souza@gmail.com,228.469.146-94,A+
João Alves,joão.alves@yahoo.com,106.309.900-13,B+
Juliana Rodrigues,juliana.rodrigues@yahoo.com,630.988.798-62,O-
Bruno Rodrigues,bruno.rodrigues@outlook.com,574.914.574-12,B+
Lucas Rodrigues,lucas.rodrigues@yahoo.com,873.178.973-47,B-
Carla Oliveira,carla.oliveira@hotmail.com,708.680.622-62,O+
Beatriz Lima,beatriz.lima@yahoo.com,668.412.801-89,B-
Juliana Ferreira,juliana.ferreira@outlook.com,402.777.163-24,O+
Ana Souza,ana.souza@yahoo.com,801.709.649-42,AB+
Fernando Rodrigues,,953.229.571-51,AB+
,carla.oliveira@gmail.com,959.308.746-52,
Pedro Souza,pedro.souza@gmail.com,333.773.522-70,O-
Carla Silva,,,
Ana Rodrigues,ana.rodrigues@yahoo.com,649.380.225-95,AB-
Ana Alves,ana.alves@gmail.com,415.358.972-30,AB+
Carla Alves,carla.alves@gmail.com,752.496.337-66,A+
Bruno Lima,bruno.lima@gmail.com,154.331.828-97,O-
